,count,mean,std,min,1%,5%,25%,50%,75%,95%,99%,max,missing,missing_pct,zeros,zeros_pct,skewness,kurtosis
survived,891.0,0.3838383838383838,0.4865924542648575,0.0,0.0,0.0,0.0,0.0,1.0,1.0,1.0,1.0,0,0.0,549,61.62,0.479,-1.775
pclass,891.0,2.308641975308642,0.836071240977049,1.0,1.0,1.0,2.0,3.0,3.0,3.0,3.0,3.0,0,0.0,0,0.0,-0.631,-1.28
age,714.0,29.69911764705882,14.526497332334042,0.42,1.0,4.0,20.125,28.0,38.0,56.0,65.87,80.0,177,19.87,0,0.0,0.389,0.178
sibsp,891.0,0.5230078563411896,1.1027434322934317,0.0,0.0,0.0,0.0,0.0,1.0,3.0,5.0,8.0,0,0.0,608,68.24,3.695,17.88
parch,891.0,0.38159371492704824,0.8060572211299483,0.0,0.0,0.0,0.0,0.0,0.0,2.0,4.0,6.0,0,0.0,678,76.09,2.749,9.778
fare,891.0,32.204207968574636,49.6934285971809,0.0,0.0,7.225,7.9104,14.4542,31.0,112.07915,249.00622000000035,512.3292,0,0.0,15,1.68,4.787,33.398
